{"stats":{"minecraft:killed":{"minecraft:zombie":1,"minecraft:cow":1},"minecraft:mined":{"byg:clover_patch":1,"minecraft:dark_oak_log":4,"minecraft:crafting_table":1,"minecraft:grass":5,"minecraft:coal_ore":2,"minecraft:oak_log":2,"minecraft:gravel":2,"minecraft:tall_grass":1,"minecraft:oak_planks":1,"minecraft:oak_leaves":1},"minecraft:custom":{"minecraft:time_since_rest":5256,"minecraft:sprint_one_cm":40796,"minecraft:damage_taken":480,"minecraft:walk_one_cm":55268,"minecraft:mob_kills":2,"minecraft:damage_dealt":362,"minecraft:fly_one_cm":76471,"minecraft:swim_one_cm":7672,"minecraft:interact_with_crafting_table":5,"minecraft:open_chest":2,"minecraft:play_time":17127,"minecraft:deaths":2,"minecraft:walk_under_water_one_cm":769,"minecraft:jump":447,"minecraft:leave_game":3,"minecraft:walk_on_water_one_cm":490,"minecraft:time_since_death":3950,"minecraft:total_world_time":17127,"minecraft:fall_one_cm":10855},"minecraft:killed_by":{"minecraft:zombie":1},"minecraft:picked_up":{"minecraft:crafting_table":1,"minecraft:leather":2,"minecraft:gravel":2,"minecraft:oak_log":2,"minecraft:dark_oak_log":4,"byg:blueberries":3,"minecraft:beef":1,"minecraft:bread":1,"minecraft:oak_planks":1,"minecraft:coal":2},"minecraft:used":{"byg:blueberries":3,"minecraft:oak_planks":1,"minecraft:wooden_pickaxe":9,"minecraft:gravel":1,"minecraft:wooden_sword":3,"minecraft:crafting_table":2},"minecraft:crafted":{"minecraft:wooden_sword":1,"minecraft:oak_planks":8,"minecraft:crafting_table":2,"minecraft:stick":8,"minecraft:wooden_pickaxe":1,"minecraft:dark_oak_planks":16,"minecraft:torch":4}},"DataVersion":3120}