{"stats":{"minecraft:mined":{"minecraft:grass":2,"minecraft:coal_ore":2,"minecraft:gravel":1,"minecraft:tall_grass":1,"minecraft:dark_oak_log":4,"minecraft:crafting_table":1,"minecraft:oak_leaves":1},"minecraft:custom":{"minecraft:time_since_rest":7009,"minecraft:sprint_one_cm":16119,"minecraft:play_time":7009,"minecraft:walk_one_cm":24857,"minecraft:walk_under_water_one_cm":313,"minecraft:jump":157,"minecraft:damage_dealt":10,"minecraft:leave_game":1,"minecraft:time_since_death":7009,"minecraft:walk_on_water_one_cm":71,"minecraft:total_world_time":7009,"minecraft:swim_one_cm":1841,"minecraft:interact_with_crafting_table":3,"minecraft:fall_one_cm":3044,"minecraft:fly_one_cm":27904},"minecraft:picked_up":{"minecraft:crafting_table":1,"minecraft:gravel":1,"minecraft:coal":2,"minecraft:dark_oak_log":4},"minecraft:used":{"minecraft:crafting_table":1,"minecraft:wooden_pickaxe":2},"minecraft:crafted":{"minecraft:torch":4,"minecraft:dark_oak_planks":16,"minecraft:crafting_table":1,"minecraft:stick":4,"minecraft:wooden_pickaxe":1}},"DataVersion":3120}