{
  "mcwtrpdoors:recipes/dark_oak/dark_oak_ranch_trapdoor": {
    "criteria": {
      "has_logs": "2024-08-10 17:00:41 +0000"
    },
    "done": true
  },
  "mcda:recipes/base_armors/spelunker_armor_helmet": {
    "criteria": {
      "has_torch": "2024-08-10 17:02:20 +0000"
    },
    "done": true
  },
  "betterend:recipes/decorations/lucernia_fence": {
    "criteria": {
      "has_806_stick": "2024-08-10 17:01:27 +0000"
    },
    "done": true
  },
  "betterend:recipes/decorations/umbrella_tree_ladder": {
    "criteria": {
      "has_763_stick": "2024-08-10 17:01:27 +0000"
    },
    "done": true
  },
  "betterend:recipes/decorations/jellyshroom_fence": {
    "criteria": {
      "has_780_stick": "2024-08-10 17:01:27 +0000"
    },
    "done": true
  },
  "minecraft:recipes/building_blocks/magenta_concrete_powder": {
    "criteria": {
      "has_gravel": "2024-08-10 16:58:50 +0000"
    },
    "done": true
  },
  "betterend:recipes/decorations/tenanea_gate": {
    "criteria": {
      "has_704_stick": "2024-08-10 17:01:27 +0000"
    },
    "done": true
  },
  "betternether:recipes/decorations/acacia_taburet": {
    "criteria": {
      "has_218_stick": "2024-08-10 17:01:27 +0000"
    },
    "done": true
  },
  "biomemakeover:biomemakeover/root": {
    "criteria": {
      "enter_mushroom_fields": "2024-08-10 16:58:13 +0000",
      "enter_swamp": "2024-08-10 16:58:13 +0000",
      "enter_dark_forest": "2024-08-10 16:58:13 +0000",
      "enter_badlands": "2024-08-10 16:58:13 +0000"
    },
    "done": true
  },
  "betternether:recipes/decorations/chair_cincinnasite": {
    "criteria": {
      "has_192_stick": "2024-08-10 17:01:27 +0000"
    },
    "done": true
  },
  "mcdw:recipes/sickles/sickle_last_laugh_gold": {
    "criteria": {
      "has_stick": "2024-08-10 17:01:27 +0000"
    },
    "done": true
  },
  "minecraft:recipes/building_blocks/lime_concrete_powder": {
    "criteria": {
      "has_gravel": "2024-08-10 16:58:50 +0000"
    },
    "done": true
  },
  "mcwtrpdoors:recipes/dark_oak/dark_oak_beach_trapdoor": {
    "criteria": {
      "has_logs": "2024-08-10 17:00:41 +0000"
    },
    "done": true
  },
  "mcdw:recipes/shortbows/bow_shortbow": {
    "criteria": {
      "has_stick": "2024-08-10 17:01:27 +0000"
    },
    "done": true
  },
  "mcwtrpdoors:recipes/dark_oak/dark_oak_tropical_trapdoor": {
    "criteria": {
      "has_logs": "2024-08-10 17:00:41 +0000"
    },
    "done": true
  },
  "mcwtrpdoors:recipes/dark_oak/dark_oak_cottage_trapdoor": {
    "criteria": {
      "has_logs": "2024-08-10 17:00:41 +0000"
    },
    "done": true
  },
  "minecraft:recipes/building_blocks/yellow_concrete_powder": {
    "criteria": {
      "has_gravel": "2024-08-10 16:58:50 +0000"
    },
    "done": true
  },
  "mcwfurnitures:recipes/mangrove": {
    "criteria": {
      "has_planks": "2024-08-10 16:58:12 +0000"
    },
    "done": true
  },
  "betternether:recipes/decorations/nether_mushroom_bar_stool": {
    "criteria": {
      "has_365_stick": "2024-08-10 17:01:27 +0000"
    },
    "done": true
  },
  "minecraft:recipes/decorations/crafting_table": {
    "criteria": {
      "has_the_recipe": "2024-08-10 17:01:17 +0000"
    },
    "done": true
  },
  "minecraft:recipes/decorations/campfire": {
    "criteria": {
      "has_stick": "2024-08-10 17:01:27 +0000"
    },
    "done": true
  },
  "betternether:recipes/decorations/mushroom_fir_sign": {
    "criteria": {
      "has_310_stick": "2024-08-10 17:01:27 +0000"
    },
    "done": true
  },
  "mcdw:recipes/swords/sword_freezing_foil": {
    "criteria": {
      "has_stick": "2024-08-10 17:01:27 +0000"
    },
    "done": true
  },
  "minecraft:recipes/decorations/ladder": {
    "criteria": {
      "has_stick": "2024-08-10 17:01:27 +0000"
    },
    "done": true
  },
  "betterend:recipes/tools/diamond_hammer": {
    "criteria": {
      "has_1127_stick": "2024-08-10 17:01:27 +0000"
    },
    "done": true
  },
  "betternether:recipes/decorations/nether_mushroom_ladder": {
    "criteria": {
      "has_351_stick": "2024-08-10 17:01:27 +0000"
    },
    "done": true
  },
  "betternether:recipes/decorations/bar_stool_cincinnasite": {
    "criteria": {
      "has_194_stick": "2024-08-10 17:01:27 +0000"
    },
    "done": true
  },
  "minecraft:recipes/building_blocks/dark_oak_slab": {
    "criteria": {
      "has_planks": "2024-08-10 17:01:18 +0000"
    },
    "done": true
  },
  "minecraft:recipes/building_blocks/brown_concrete_powder": {
    "criteria": {
      "has_gravel": "2024-08-10 16:58:50 +0000"
    },
    "done": true
  },
  "mcdw:recipes/double_axes/axe_cursed": {
    "criteria": {
      "has_stick": "2024-08-10 17:01:27 +0000"
    },
    "done": true
  },
  "minecraft:recipes/transportation/mangrove_boat": {
    "criteria": {
      "in_water": "2024-08-10 16:58:59 +0000"
    },
    "done": true
  },
  "betternether:recipes/decorations/warped_bar_stool": {
    "criteria": {
      "has_256_stick": "2024-08-10 17:01:27 +0000"
    },
    "done": true
  },
  "betternether:recipes/decorations/wart_ladder": {
    "criteria": {
      "has_165_stick": "2024-08-10 17:01:27 +0000"
    },
    "done": true
  },
  "betternether:recipes/decorations/willow_fence": {
    "criteria": {
      "has_119_stick": "2024-08-10 17:01:27 +0000"
    },
    "done": true
  },
  "minecraft:recipes/tools/wooden_shovel": {
    "criteria": {
      "has_stick": "2024-08-10 17:01:27 +0000"
    },
    "done": true
  },
  "betternether:recipes/decorations/rubeus_ladder": {
    "criteria": {
      "has_274_stick": "2024-08-10 17:01:27 +0000"
    },
    "done": true
  },
  "mcdw:recipes/axes/axe_highland": {
    "criteria": {
      "has_stick": "2024-08-10 17:01:27 +0000"
    },
    "done": true
  },
  "mcwdoors:recipes/dark_oak": {
    "criteria": {
      "has_wood": "2024-08-10 17:00:41 +0000"
    },
    "done": true
  },
  "minecraft:recipes/decorations/torch": {
    "criteria": {
      "has_the_recipe": "2024-08-10 17:02:19 +0000"
    },
    "done": true
  },
  "mcwfences:recipes/stone": {
    "criteria": {
      "has_stone": "2024-08-10 16:58:12 +0000"
    },
    "done": true
  },
  "minecraft:recipes/redstone/dark_oak_button": {
    "criteria": {
      "has_planks": "2024-08-10 17:01:18 +0000"
    },
    "done": true
  },
  "mcdw:recipes/swords/sword_nameless_blade": {
    "criteria": {
      "has_stick": "2024-08-10 17:01:27 +0000"
    },
    "done": true
  },
  "mcdw:recipes/double_axes/axe_double": {
    "criteria": {
      "has_stick": "2024-08-10 17:01:27 +0000"
    },
    "done": true
  },
  "betterend:recipes/decorations/lacugrove_fence": {
    "criteria": {
      "has_650_stick": "2024-08-10 17:01:27 +0000"
    },
    "done": true
  },
  "minecraft:recipes/misc/stick": {
    "criteria": {
      "has_planks": "2024-08-10 17:01:18 +0000"
    },
    "done": true
  },
  "mcdw:recipes/double_axes/axe_whirlwind": {
    "criteria": {
      "has_stick": "2024-08-10 17:01:27 +0000"
    },
    "done": true
  },
  "betterend:recipes/tools/iron_hammer": {
    "criteria": {
      "has_1123_stick": "2024-08-10 17:01:27 +0000"
    },
    "done": true
  },
  "mcwlights:recipes/tiki_torches": {
    "criteria": {
      "has_the_recipe": "2024-08-10 17:02:19 +0000"
    },
    "done": true
  },
  "minecraft:recipes/transportation/spruce_boat": {
    "criteria": {
      "in_water": "2024-08-10 16:58:59 +0000"
    },
    "done": true
  },
  "mcdw:recipes/shields/shield_vanguard": {
    "criteria": {
      "has_planks": "2024-08-10 17:01:18 +0000"
    },
    "done": true
  },
  "mcda:recipes/crafting_items/fabric_bolt_purple": {
    "criteria": {
      "has_stick": "2024-08-10 17:01:27 +0000"
    },
    "done": true
  },
  "betternether:recipes/decorations/nether_sakura_taburet": {
    "criteria": {
      "has_429_stick": "2024-08-10 17:01:27 +0000"
    },
    "done": true
  },
  "betterend:recipes/decorations/terminite_axe": {
    "criteria": {
      "has_1_stick": "2024-08-10 17:01:27 +0000"
    },
    "done": true
  },
  "betternether:recipes/decorations/nether_reed_taburet": {
    "criteria": {
      "has_67_stick": "2024-08-10 17:01:27 +0000"
    },
    "done": true
  },
  "mcwfences:recipes/jungle": {
    "criteria": {
      "has_jungle": "2024-08-10 16:58:12 +0000"
    },
    "done": true
  },
  "betternether:recipes/decorations/piston": {
    "criteria": {
      "has_tag_planks": "2024-08-10 17:01:18 +0000"
    },
    "done": true
  },
  "mcda:recipes/crafting_items/fabric_bolt_magenta": {
    "criteria": {
      "has_stick": "2024-08-10 17:01:27 +0000"
    },
    "done": true
  },
  "minecraft:recipes/building_blocks/dark_oak_planks": {
    "criteria": {
      "has_log": "2024-08-10 17:00:41 +0000"
    },
    "done": true
  },
  "mcwfences:recipes/spruce": {
    "criteria": {
      "has_spruce": "2024-08-10 16:58:12 +0000"
    },
    "done": true
  },
  "mcdw:recipes/bows/bow_power_bow": {
    "criteria": {
      "has_stick": "2024-08-10 17:01:27 +0000"
    },
    "done": true
  },
  "mcwfences:recipes/oak": {
    "criteria": {
      "has_oak": "2024-08-10 16:58:12 +0000"
    },
    "done": true
  },
  "mcwfurnitures:recipes/warped": {
    "criteria": {
      "has_planks": "2024-08-10 16:58:12 +0000"
    },
    "done": true
  },
  "mcwfences:recipes/hedge": {
    "criteria": {
      "has_birch": "2024-08-10 16:58:12 +0000"
    },
    "done": true
  },
  "minecraft:recipes/redstone/dark_oak_door": {
    "criteria": {
      "has_planks": "2024-08-10 17:01:18 +0000"
    },
    "done": true
  },
  "mcwfences:recipes/end": {
    "criteria": {
      "has_end_brick": "2024-08-10 16:58:12 +0000"
    },
    "done": true
  },
  "betternether:recipes/decorations/activator_rail": {
    "criteria": {
      "has_1192_stick": "2024-08-10 17:01:27 +0000"
    },
    "done": true
  },
  "betternether:recipes/decorations/dark_oak_bar_stool": {
    "criteria": {
      "has_252_stick": "2024-08-10 17:01:27 +0000"
    },
    "done": true
  },
  "minecraft:recipes/tools/wooden_hoe": {
    "criteria": {
      "has_stick": "2024-08-10 17:01:27 +0000"
    },
    "done": true
  },
  "mcda:recipes/crafting_items/fabric_bolt_gray": {
    "criteria": {
      "has_stick": "2024-08-10 17:01:27 +0000"
    },
    "done": true
  },
  "minecraft:recipes/building_blocks/coarse_dirt": {
    "criteria": {
      "has_gravel": "2024-08-10 16:58:50 +0000"
    },
    "done": true
  },
  "betternether:recipes/decorations/nether_sakura_bar_stool": {
    "criteria": {
      "has_433_stick": "2024-08-10 17:01:27 +0000"
    },
    "done": true
  },
  "mcda:recipes/crafting_items/fabric_bolt_blue": {
    "criteria": {
      "has_stick": "2024-08-10 17:01:27 +0000"
    },
    "done": true
  },
  "betternether:recipes/decorations/willow_sign": {
    "criteria": {
      "has_130_stick": "2024-08-10 17:01:27 +0000"
    },
    "done": true
  },
  "minecraft:recipes/building_blocks/light_gray_concrete_powder": {
    "criteria": {
      "has_gravel": "2024-08-10 16:58:50 +0000"
    },
    "done": true
  },
  "minecraft:recipes/building_blocks/light_blue_concrete_powder": {
    "criteria": {
      "has_gravel": "2024-08-10 16:58:51 +0000"
    },
    "done": true
  },
  "bclib:recipes/decorations/tag_piston": {
    "criteria": {
      "has_tag_planks": "2024-08-10 17:01:18 +0000"
    },
    "done": true
  },
  "mcwfurnitures:recipes/birch": {
    "criteria": {
      "has_planks": "2024-08-10 16:58:12 +0000"
    },
    "done": true
  },
  "betternether:recipes/decorations/nether_sakura_gate": {
    "criteria": {
      "has_408_stick": "2024-08-10 17:01:27 +0000"
    },
    "done": true
  },
  "mcwtrpdoors:recipes/dark_oak/dark_oak_paper_trapdoor": {
    "criteria": {
      "has_logs": "2024-08-10 17:00:41 +0000"
    },
    "done": true
  },
  "betternether:recipes/decorations/rubeus_taburet": {
    "criteria": {
      "has_288_stick": "2024-08-10 17:01:27 +0000"
    },
    "done": true
  },
  "betternether:recipes/decorations/crimson_chair": {
    "criteria": {
      "has_238_stick": "2024-08-10 17:01:27 +0000"
    },
    "done": true
  },
  "betternether:recipes/decorations/stalagnate_fence": {
    "criteria": {
      "has_81_stick": "2024-08-10 17:01:27 +0000"
    },
    "done": true
  },
  "betterend:recipes/decorations/pythadendron_ladder": {
    "criteria": {
      "has_607_stick": "2024-08-10 17:01:27 +0000"
    },
    "done": true
  },
  "minecraft:recipes/building_blocks/pink_concrete_powder": {
    "criteria": {
      "has_gravel": "2024-08-10 16:58:50 +0000"
    },
    "done": true
  },
  "betternether:recipes/decorations/nether_reed_sign": {
    "criteria": {
      "has_59_stick": "2024-08-10 17:01:27 +0000"
    },
    "done": true
  },
  "rpg_classes:root": {
    "criteria": {
      "always": "2024-08-10 16:58:12 +0000"
    },
    "done": true
  },
  "betterend:recipes/decorations/umbrella_tree_sign": {
    "criteria": {
      "has_765_stick": "2024-08-10 17:01:27 +0000"
    },
    "done": true
  },
  "minecraft:recipes/building_blocks/purple_concrete_powder": {
    "criteria": {
      "has_gravel": "2024-08-10 16:58:50 +0000"
    },
    "done": true
  },
  "betterend:recipes/decorations/lucernia_sign": {
    "criteria": {
      "has_817_stick": "2024-08-10 17:01:27 +0000"
    },
    "done": true
  },
  "betternether:recipes/decorations/anchor_tree_taburet": {
    "criteria": {
      "has_395_stick": "2024-08-10 17:01:27 +0000"
    },
    "done": true
  },
  "betternether:recipes/decorations/mushroom_fir_fence": {
    "criteria": {
      "has_299_stick": "2024-08-10 17:01:27 +0000"
    },
    "done": true
  },
  "mcdw:recipes/swords/sword_katana": {
    "criteria": {
      "has_stick": "2024-08-10 17:01:27 +0000"
    },
    "done": true
  },
  "mcdw:recipes/sickles/sickle_jailors_scythe": {
    "criteria": {
      "has_stick": "2024-08-10 17:01:27 +0000"
    },
    "done": true
  },
  "mcdw:recipes/swords/sword_diamond_sword_var": {
    "criteria": {
      "has_stick": "2024-08-10 17:01:27 +0000"
    },
    "done": true
  },
  "betterend:recipes/decorations/pythadendron_gate": {
    "criteria": {
      "has_600_stick": "2024-08-10 17:01:27 +0000"
    },
    "done": true
  },
  "betterend:recipes/decorations/lacugrove_gate": {
    "criteria": {
      "has_652_stick": "2024-08-10 17:01:27 +0000"
    },
    "done": true
  },
  "minecraft:recipes/misc/charcoal": {
    "criteria": {
      "has_log": "2024-08-10 17:00:41 +0000"
    },
    "done": true
  },
  "minecraft:recipes/tools/wooden_pickaxe": {
    "criteria": {
      "has_stick": "2024-08-10 17:01:27 +0000"
    },
    "done": true
  },
  "betternether:recipes/decorations/oak_chair": {
    "criteria": {
      "has_226_stick": "2024-08-10 17:01:27 +0000"
    },
    "done": true
  },
  "betternether:recipes/decorations/warped_ladder": {
    "criteria": {
      "has_260_stick": "2024-08-10 17:01:27 +0000"
    },
    "done": true
  },
  "betternether:recipes/decorations/jungle_taburet": {
    "criteria": {
      "has_216_stick": "2024-08-10 17:01:27 +0000"
    },
    "done": true
  },
  "mcda:recipes/crafting_items/fabric_bolt_red": {
    "criteria": {
      "has_stick": "2024-08-10 17:01:27 +0000"
    },
    "done": true
  },
  "mcwfences:recipes/nether": {
    "criteria": {
      "has_nether_brick": "2024-08-10 16:58:12 +0000"
    },
    "done": true
  },
  "minecraft:recipes/transportation/birch_boat": {
    "criteria": {
      "in_water": "2024-08-10 16:58:59 +0000"
    },
    "done": true
  },
  "minecraft:recipes/building_blocks/green_concrete_powder": {
    "criteria": {
      "has_gravel": "2024-08-10 16:58:50 +0000"
    },
    "done": true
  },
  "mcdw:recipes/hammers/hammer_great_hammer": {
    "criteria": {
      "has_stick": "2024-08-10 17:01:27 +0000"
    },
    "done": true
  },
  "betternether:recipes/decorations/nether_mushroom_chair": {
    "criteria": {
      "has_363_stick": "2024-08-10 17:01:27 +0000"
    },
    "done": true
  },
  "betternether:recipes/decorations/nether_sakura_chair": {
    "criteria": {
      "has_431_stick": "2024-08-10 17:01:27 +0000"
    },
    "done": true
  },
  "minecraft:recipes/transportation/acacia_boat": {
    "criteria": {
      "in_water": "2024-08-10 16:58:59 +0000"
    },
    "done": true
  },
  "betterend:recipes/decorations/leather_wrapped_stick": {
    "criteria": {
      "has_1110_stick": "2024-08-10 17:01:27 +0000"
    },
    "done": true
  },
  "betterend:recipes/decorations/tenanea_fence": {
    "criteria": {
      "has_702_stick": "2024-08-10 17:01:27 +0000"
    },
    "done": true
  },
  "minecraft:recipes/building_blocks/dark_oak_wood": {
    "criteria": {
      "has_log": "2024-08-10 17:00:41 +0000"
    },
    "done": true
  },
  "mcdw:recipes/crossbows/crossbow_harpoon_crossbow": {
    "criteria": {
      "has_planks": "2024-08-10 17:01:18 +0000"
    },
    "done": true
  },
  "mcwfences:recipes/crimson": {
    "criteria": {
      "has_crimson": "2024-08-10 16:58:12 +0000"
    },
    "done": true
  },
  "mcda:recipes/crafting_items/fabric_bolt_orange": {
    "criteria": {
      "has_stick": "2024-08-10 17:01:27 +0000"
    },
    "done": true
  },
  "mcwfences:recipes/prismarine": {
    "criteria": {
      "has_qq": "2024-08-10 16:58:12 +0000"
    },
    "done": true
  },
  "mcdw:recipes/hammers/hammer_mace": {
    "criteria": {
      "has_stick": "2024-08-10 17:01:27 +0000"
    },
    "done": true
  },
  "mcwfences:recipes/bamboo": {
    "criteria": {
      "has_bamboo": "2024-08-10 16:58:12 +0000"
    },
    "done": true
  },
  "mcdw:recipes/sickles/sickle_last_laugh_silver": {
    "criteria": {
      "has_stick": "2024-08-10 17:01:27 +0000"
    },
    "done": true
  },
  "betternether:recipes/decorations/dark_oak_taburet": {
    "criteria": {
      "has_220_stick": "2024-08-10 17:01:27 +0000"
    },
    "done": true
  },
  "betternether:recipes/decorations/willow_ladder": {
    "criteria": {
      "has_128_stick": "2024-08-10 17:01:27 +0000"
    },
    "done": true
  },
  "minecraft:recipes/building_blocks/white_concrete_powder": {
    "criteria": {
      "has_gravel": "2024-08-10 16:58:50 +0000"
    },
    "done": true
  },
  "mcdw:recipes/daggers/dagger_tempest_knife": {
    "criteria": {
      "has_stick": "2024-08-10 17:01:27 +0000"
    },
    "done": true
  },
  "betternether:recipes/decorations/mushroom_fir_chair": {
    "criteria": {
      "has_333_stick": "2024-08-10 17:01:27 +0000"
    },
    "done": true
  },
  "betternether:recipes/decorations/wart_sign": {
    "criteria": {
      "has_167_stick": "2024-08-10 17:01:27 +0000"
    },
    "done": true
  },
  "minecraft:recipes/building_blocks/dark_oak_stairs": {
    "criteria": {
      "has_planks": "2024-08-10 17:01:18 +0000"
    },
    "done": true
  },
  "betternether:recipes/decorations/nether_mushroom_taburet": {
    "criteria": {
      "has_361_stick": "2024-08-10 17:01:27 +0000"
    },
    "done": true
  },
  "mcwfences:recipes/quartz": {
    "criteria": {
      "has_qq": "2024-08-10 16:58:12 +0000"
    },
    "done": true
  },
  "betternether:recipes/decorations/birch_chair": {
    "criteria": {
      "has_230_stick": "2024-08-10 17:01:27 +0000"
    },
    "done": true
  },
  "betterend:recipes/tools/golden_hammer": {
    "criteria": {
      "has_1125_stick": "2024-08-10 17:01:27 +0000"
    },
    "done": true
  },
  "betternether:recipes/decorations/rubeus_gate": {
    "criteria": {
      "has_267_stick": "2024-08-10 17:01:27 +0000"
    },
    "done": true
  },
  "betternether:recipes/decorations/nether_mushroom_sign": {
    "criteria": {
      "has_353_stick": "2024-08-10 17:01:27 +0000"
    },
    "done": true
  },
  "betternether:recipes/decorations/rail": {
    "criteria": {
      "has_1163_stick": "2024-08-10 17:01:27 +0000"
    },
    "done": true
  },
  "mcda:recipes/crafting_items/fabric_bolt_brown": {
    "criteria": {
      "has_stick": "2024-08-10 17:01:27 +0000"
    },
    "done": true
  },
  "mcda:recipes/crafting_items/fabric_bolt_green": {
    "criteria": {
      "has_stick": "2024-08-10 17:01:27 +0000"
    },
    "done": true
  },
  "betternether:recipes/decorations/stalagnate_taburet": {
    "criteria": {
      "has_104_stick": "2024-08-10 17:01:27 +0000"
    },
    "done": true
  },
  "betternether:recipes/decorations/jungle_chair": {
    "criteria": {
      "has_232_stick": "2024-08-10 17:01:27 +0000"
    },
    "done": true
  },
  "betternether:recipes/decorations/acacia_bar_stool": {
    "criteria": {
      "has_250_stick": "2024-08-10 17:01:27 +0000"
    },
    "done": true
  },
  "minecraft:recipes/decorations/dark_oak_sign": {
    "criteria": {
      "has_planks": "2024-08-10 17:01:18 +0000"
    },
    "done": true
  },
  "minecraft:recipes/redstone/dark_oak_fence_gate": {
    "criteria": {
      "has_planks": "2024-08-10 17:01:18 +0000"
    },
    "done": true
  },
  "mcdw:recipes/sickles/sickle_nightmares_bite": {
    "criteria": {
      "has_stick": "2024-08-10 17:01:27 +0000"
    },
    "done": true
  },
  "betterend:recipes/decorations/thallasium_pickaxe": {
    "criteria": {
      "has_1_stick": "2024-08-10 17:01:27 +0000"
    },
    "done": true
  },
  "betternether:recipes/decorations/stalagnate_sign": {
    "criteria": {
      "has_92_stick": "2024-08-10 17:01:27 +0000"
    },
    "done": true
  },
  "betternether:recipes/decorations/spruce_chair": {
    "criteria": {
      "has_228_stick": "2024-08-10 17:01:27 +0000"
    },
    "done": true
  },
  "betternether:recipes/decorations/nether_sakura_fence": {
    "criteria": {
      "has_406_stick": "2024-08-10 17:01:27 +0000"
    },
    "done": true
  },
  "mcda:recipes/crafting_items/fabric_bolt_lime": {
    "criteria": {
      "has_stick": "2024-08-10 17:01:27 +0000"
    },
    "done": true
  },
  "betterend:recipes/decorations/jellyshroom_gate": {
    "criteria": {
      "has_782_stick": "2024-08-10 17:01:27 +0000"
    },
    "done": true
  },
  "betternether:recipes/decorations/rubeus_chair": {
    "criteria": {
      "has_290_stick": "2024-08-10 17:01:27 +0000"
    },
    "done": true
  },
  "create:root": {
    "criteria": {
      "0": "2024-08-10 16:58:12 +0000"
    },
    "done": true
  },
  "betterdeserttemples:root": {
    "criteria": {
      "always": "2024-08-10 16:58:12 +0000"
    },
    "done": true
  },
  "mcwtrpdoors:recipes/dark_oak_blossom_trapdoor": {
    "criteria": {
      "has_plankss": "2024-08-10 17:01:18 +0000"
    },
    "done": true
  },
  "mcdw:recipes/staves/staff_battlestaff": {
    "criteria": {
      "has_stick": "2024-08-10 17:01:27 +0000"
    },
    "done": true
  },
  "betternether:recipes/decorations/anchor_tree_fence": {
    "criteria": {
      "has_372_stick": "2024-08-10 17:01:27 +0000"
    },
    "done": true
  },
  "betternether:recipes/decorations/stalagnate_chair": {
    "criteria": {
      "has_106_stick": "2024-08-10 17:01:27 +0000"
    },
    "done": true
  },
  "betterend:recipes/decorations/thallasium_sword_handle": {
    "criteria": {
      "has_1_stick": "2024-08-10 17:01:27 +0000"
    },
    "done": true
  },
  "mcda:recipes/crafting_items/fabric_bolt_white": {
    "criteria": {
      "has_stick": "2024-08-10 17:01:27 +0000"
    },
    "done": true
  },
  "betterend:recipes/decorations/jellyshroom_ladder": {
    "criteria": {
      "has_789_stick": "2024-08-10 17:01:27 +0000"
    },
    "done": true
  },
  "betterend:recipes/decorations/tenanea_ladder": {
    "criteria": {
      "has_711_stick": "2024-08-10 17:01:27 +0000"
    },
    "done": true
  },
  "mcwfurnitures:recipes/acacia": {
    "criteria": {
      "has_planks": "2024-08-10 16:58:12 +0000"
    },
    "done": true
  },
  "betterend:recipes/decorations/umbrella_tree_fence": {
    "criteria": {
      "has_754_stick": "2024-08-10 17:01:27 +0000"
    },
    "done": true
  },
  "minecraft:recipes/transportation/oak_boat": {
    "criteria": {
      "in_water": "2024-08-10 16:58:59 +0000"
    },
    "done": true
  },
  "betterend:recipes/decorations/terminite_hammer": {
    "criteria": {
      "has_1_stick": "2024-08-10 17:01:27 +0000"
    },
    "done": true
  },
  "betternether:recipes/decorations/nether_reed_fence": {
    "criteria": {
      "has_48_stick": "2024-08-10 17:01:27 +0000"
    },
    "done": true
  },
  "betterend:recipes/decorations/mossy_glowshroom_gate": {
    "criteria": {
      "has_574_stick": "2024-08-10 17:01:27 +0000"
    },
    "done": true
  },
  "minecraft:recipes/building_blocks/orange_concrete_powder": {
    "criteria": {
      "has_gravel": "2024-08-10 16:58:50 +0000"
    },
    "done": true
  },
  "betternether:recipes/decorations/mushroom_fir_bar_stool": {
    "criteria": {
      "has_335_stick": "2024-08-10 17:01:27 +0000"
    },
    "done": true
  },
  "minecraft:recipes/building_blocks/cyan_concrete_powder": {
    "criteria": {
      "has_gravel": "2024-08-10 16:58:50 +0000"
    },
    "done": true
  },
  "betternether:recipes/decorations/willow_taburet": {
    "criteria": {
      "has_142_stick": "2024-08-10 17:01:27 +0000"
    },
    "done": true
  },
  "mcwtrpdoors:recipes/dark_oak/dark_oak_barred_trapdoor": {
    "criteria": {
      "has_logs": "2024-08-10 17:00:41 +0000"
    },
    "done": true
  },
  "mcdw:recipes/hammers/hammer_gravity": {
    "criteria": {
      "has_stick": "2024-08-10 17:01:27 +0000"
    },
    "done": true
  },
  "minecraft:recipes/tools/wooden_axe": {
    "criteria": {
      "has_stick": "2024-08-10 17:01:27 +0000"
    },
    "done": true
  },
  "deeperdarker:recipes/deeperdarker/echo_boat": {
    "criteria": {
      "in_water": "2024-08-10 16:58:59 +0000"
    },
    "done": true
  },
  "betternether:recipes/decorations/crimson_bar_stool": {
    "criteria": {
      "has_254_stick": "2024-08-10 17:01:27 +0000"
    },
    "done": true
  },
  "betterend:recipes/decorations/tenanea_sign": {
    "criteria": {
      "has_713_stick": "2024-08-10 17:01:27 +0000"
    },
    "done": true
  },
  "betternether:recipes/decorations/dark_oak_chair": {
    "criteria": {
      "has_236_stick": "2024-08-10 17:01:27 +0000"
    },
    "done": true
  },
  "mcwfences:recipes/deepslate": {
    "criteria": {
      "has_deepslate": "2024-08-10 16:58:12 +0000"
    },
    "done": true
  },
  "betterend:recipes/decorations/helix_tree_fence": {
    "criteria": {
      "has_728_stick": "2024-08-10 17:01:27 +0000"
    },
    "done": true
  },
  "betternether:recipes/decorations/birch_bar_stool": {
    "criteria": {
      "has_246_stick": "2024-08-10 17:01:27 +0000"
    },
    "done": true
  },
  "betternether:recipes/decorations/warped_chair": {
    "criteria": {
      "has_240_stick": "2024-08-10 17:01:27 +0000"
    },
    "done": true
  },
  "betternether:recipes/decorations/mushroom_fir_taburet": {
    "criteria": {
      "has_331_stick": "2024-08-10 17:01:27 +0000"
    },
    "done": true
  },
  "betternether:recipes/decorations/willow_bar_stool": {
    "criteria": {
      "has_146_stick": "2024-08-10 17:01:27 +0000"
    },
    "done": true
  },
  "mcdw:recipes/glaives/spear_glaive": {
    "criteria": {
      "has_stick": "2024-08-10 17:01:27 +0000"
    },
    "done": true
  },
  "betternether:recipes/decorations/anchor_tree_bar_stool": {
    "criteria": {
      "has_399_stick": "2024-08-10 17:01:27 +0000"
    },
    "done": true
  },
  "betterend:recipes/decorations/terminite_sword_handle": {
    "criteria": {
      "has_1_stick": "2024-08-10 17:01:27 +0000"
    },
    "done": true
  },
  "betternether:recipes/decorations/acacia_chair": {
    "criteria": {
      "has_234_stick": "2024-08-10 17:01:27 +0000"
    },
    "done": true
  },
  "betterend:recipes/decorations/end_lotus_sign": {
    "criteria": {
      "has_635_stick": "2024-08-10 17:01:27 +0000"
    },
    "done": true
  },
  "mcwfences:recipes/sandstone": {
    "criteria": {
      "has_sand": "2024-08-10 16:58:12 +0000"
    },
    "done": true
  },
  "betterend:recipes/decorations/thallasium_hoe": {
    "criteria": {
      "has_1_stick": "2024-08-10 17:01:27 +0000"
    },
    "done": true
  },
  "mcda:recipes/crafting_items/fabric_bolt_light_blue": {
    "criteria": {
      "has_stick": "2024-08-10 17:01:27 +0000"
    },
    "done": true
  },
  "betternether:recipes/decorations/nether_mushroom_fence": {
    "criteria": {
      "has_342_stick": "2024-08-10 17:01:27 +0000"
    },
    "done": true
  },
  "mcwtrpdoors:recipes/acacia/dark_oak_bark_trapdoor": {
    "criteria": {
      "has_logs": "2024-08-10 17:00:41 +0000"
    },
    "done": true
  },
  "mcwfences:recipes/mud_brick": {
    "criteria": {
      "has_qq": "2024-08-10 16:58:12 +0000"
    },
    "done": true
  },
  "betternether:recipes/decorations/rubeus_fence": {
    "criteria": {
      "has_265_stick": "2024-08-10 17:01:27 +0000"
    },
    "done": true
  },
  "betternether:recipes/decorations/nether_reed_ladder": {
    "criteria": {
      "has_57_stick": "2024-08-10 17:01:27 +0000"
    },
    "done": true
  },
  "betternether:recipes/decorations/nether_mushroom_gate": {
    "criteria": {
      "has_344_stick": "2024-08-10 17:01:27 +0000"
    },
    "done": true
  },
  "mcdw:recipes/bows/bow_trickbow": {
    "criteria": {
      "has_stick": "2024-08-10 17:01:27 +0000"
    },
    "done": true
  },
  "mcwfurnitures:recipes/dark_oak": {
    "criteria": {
      "has_planks": "2024-08-10 16:58:12 +0000"
    },
    "done": true
  },
  "mcwfurnitures:recipes/jungle": {
    "criteria": {
      "has_planks": "2024-08-10 16:58:12 +0000"
    },
    "done": true
  },
  "mcda:recipes/crafting_items/fabric_bolt_light_gray": {
    "criteria": {
      "has_stick": "2024-08-10 17:01:27 +0000"
    },
    "done": true
  },
  "mcwtrpdoors:recipes/dark_oak/dark_oak_swamp_trapdoor": {
    "criteria": {
      "has_logs": "2024-08-10 17:00:41 +0000"
    },
    "done": true
  },
  "mcwfences:recipes/mangrove": {
    "criteria": {
      "has_mangrove": "2024-08-10 16:58:12 +0000"
    },
    "done": true
  },
  "mcwfurnitures:recipes/spruce": {
    "criteria": {
      "has_planks": "2024-08-10 16:58:12 +0000"
    },
    "done": true
  },
  "bclib:recipes/decorations/tag_smith_table": {
    "criteria": {
      "has_tag_planks": "2024-08-10 17:01:18 +0000"
    },
    "done": true
  },
  "mcwfences:recipes/warped": {
    "criteria": {
      "has_warped": "2024-08-10 16:58:12 +0000"
    },
    "done": true
  },
  "minecraft:recipes/building_blocks/coal_block": {
    "criteria": {
      "has_coal": "2024-08-10 17:02:13 +0000"
    },
    "done": true
  },
  "betterend:recipes/decorations/helix_tree_sign": {
    "criteria": {
      "has_739_stick": "2024-08-10 17:01:27 +0000"
    },
    "done": true
  },
  "minecraft:recipes/combat/wooden_sword": {
    "criteria": {
      "has_stick": "2024-08-10 17:01:27 +0000"
    },
    "done": true
  },
  "betternether:recipes/decorations/whispering_gourd_lantern": {
    "criteria": {
      "has_1236_torch": "2024-08-10 17:02:20 +0000"
    },
    "done": true
  },
  "minecraft:recipes/building_blocks/blue_concrete_powder": {
    "criteria": {
      "has_gravel": "2024-08-10 16:58:50 +0000"
    },
    "done": true
  },
  "betternether:recipes/decorations/nether_sakura_sign": {
    "criteria": {
      "has_417_stick": "2024-08-10 17:01:27 +0000"
    },
    "done": true
  },
  "minecraft:recipes/building_blocks/gray_concrete_powder": {
    "criteria": {
      "has_gravel": "2024-08-10 16:58:50 +0000"
    },
    "done": true
  },
  "betternether:recipes/decorations/jungle_bar_stool": {
    "criteria": {
      "has_248_stick": "2024-08-10 17:01:27 +0000"
    },
    "done": true
  },
  "mcwfurnitures:recipes/oak": {
    "criteria": {
      "has_planks": "2024-08-10 16:58:12 +0000"
    },
    "done": true
  },
  "mcda:recipes/crafting_items/fabric_bolt_pink": {
    "criteria": {
      "has_stick": "2024-08-10 17:01:27 +0000"
    },
    "done": true
  },
  "mcwpaths:recipes/dark_oak": {
    "criteria": {
      "has_wood": "2024-08-10 17:01:18 +0000"
    },
    "done": true
  },
  "betternether:recipes/decorations/wart_bar_stool": {
    "criteria": {
      "has_183_stick": "2024-08-10 17:01:27 +0000"
    },
    "done": true
  },
  "mcwfences:recipes/birch": {
    "criteria": {
      "has_birch": "2024-08-10 16:58:12 +0000"
    },
    "done": true
  },
  "betternether:recipes/decorations/rubeus_bar_stool": {
    "criteria": {
      "has_292_stick": "2024-08-10 17:01:27 +0000"
    },
    "done": true
  },
  "mcdw:recipes/whips/whip_whip": {
    "criteria": {
      "has_stick": "2024-08-10 17:01:27 +0000"
    },
    "done": true
  },
  "betterend:recipes/decorations/dragon_tree_gate": {
    "criteria": {
      "has_678_stick": "2024-08-10 17:01:27 +0000"
    },
    "done": true
  },
  "betternether:recipes/decorations/wart_chair": {
    "criteria": {
      "has_181_stick": "2024-08-10 17:01:27 +0000"
    },
    "done": true
  },
  "betterend:recipes/decorations/dragon_tree_fence": {
    "criteria": {
      "has_676_stick": "2024-08-10 17:01:27 +0000"
    },
    "done": true
  },
  "betternether:recipes/decorations/crimson_taburet": {
    "criteria": {
      "has_222_stick": "2024-08-10 17:01:27 +0000"
    },
    "done": true
  },
  "betternether:recipes/decorations/anchor_tree_chair": {
    "criteria": {
      "has_397_stick": "2024-08-10 17:01:27 +0000"
    },
    "done": true
  },
  "mcdw:recipes/crossbows/crossbow_dual": {
    "criteria": {
      "has_stick": "2024-08-10 17:01:27 +0000"
    },
    "done": true
  },
  "minecraft:recipes/building_blocks/black_concrete_powder": {
    "criteria": {
      "has_gravel": "2024-08-10 16:58:50 +0000"
    },
    "done": true
  },
  "betternether:recipes/decorations/anchor_tree_sign": {
    "criteria": {
      "has_383_stick": "2024-08-10 17:01:27 +0000"
    },
    "done": true
  },
  "mcdw:recipes/hammers/hammer_stormlander": {
    "criteria": {
      "has_stick": "2024-08-10 17:01:27 +0000"
    },
    "done": true
  },
  "betternether:recipes/decorations/shield": {
    "criteria": {
      "has_tag_planks": "2024-08-10 17:01:18 +0000"
    },
    "done": true
  },
  "bclib:recipes/decorations/tag_shield": {
    "criteria": {
      "has_tag_planks": "2024-08-10 17:01:18 +0000"
    },
    "done": true
  },
  "minecraft:story/root": {
    "criteria": {
      "crafting_table": "2024-08-10 17:01:17 +0000"
    },
    "done": true
  },
  "betterend:recipes/decorations/dragon_tree_ladder": {
    "criteria": {
      "has_685_stick": "2024-08-10 17:01:27 +0000"
    },
    "done": true
  },
  "betternether:recipes/decorations/nether_reed_chair": {
    "criteria": {
      "has_69_stick": "2024-08-10 17:01:27 +0000"
    },
    "done": true
  },
  "betterend:recipes/decorations/lacugrove_ladder": {
    "criteria": {
      "has_659_stick": "2024-08-10 17:01:27 +0000"
    },
    "done": true
  },
  "minecraft:recipes/combat/crossbow": {
    "criteria": {
      "has_stick": "2024-08-10 17:01:27 +0000"
    },
    "done": true
  },
  "betterend:recipes/decorations/mossy_glowshroom_fence": {
    "criteria": {
      "has_572_stick": "2024-08-10 17:01:27 +0000"
    },
    "done": true
  },
  "betternether:recipes/decorations/oak_taburet": {
    "criteria": {
      "has_210_stick": "2024-08-10 17:01:27 +0000"
    },
    "done": true
  },
  "mcdw:recipes/swords/sword_dancers_sword": {
    "criteria": {
      "has_stick": "2024-08-10 17:01:27 +0000"
    },
    "done": true
  },
  "betterend:recipes/decorations/thallasium_hammer": {
    "criteria": {
      "has_1_stick": "2024-08-10 17:01:27 +0000"
    },
    "done": true
  },
  "betternether:recipes/decorations/nether_reed_bar_stool": {
    "criteria": {
      "has_71_stick": "2024-08-10 17:01:27 +0000"
    },
    "done": true
  },
  "minecraft:recipes/redstone/dark_oak_trapdoor": {
    "criteria": {
      "has_planks": "2024-08-10 17:01:18 +0000"
    },
    "done": true
  },
  "betternether:recipes/decorations/willow_gate": {
    "criteria": {
      "has_121_stick": "2024-08-10 17:01:27 +0000"
    },
    "done": true
  },
  "betterend:recipes/decorations/thallasium_shovel": {
    "criteria": {
      "has_1_stick": "2024-08-10 17:01:27 +0000"
    },
    "done": true
  },
  "minecraft:recipes/building_blocks/red_concrete_powder": {
    "criteria": {
      "has_gravel": "2024-08-10 16:58:50 +0000"
    },
    "done": true
  },
  "mcdw:recipes/swords/sword_rapier": {
    "criteria": {
      "has_stick": "2024-08-10 17:01:27 +0000"
    },
    "done": true
  },
  "mcdw:recipes/bows/bow_web_bow": {
    "criteria": {
      "has_stick": "2024-08-10 17:01:27 +0000"
    },
    "done": true
  },
  "create:recipes/create.palettes/dark_oak_window": {
    "criteria": {
      "has_ingredient": "2024-08-10 17:01:18 +0000"
    },
    "done": true
  },
  "betterdungeons:root": {
    "criteria": {
      "always": "2024-08-10 16:58:12 +0000"
    },
    "done": true
  },
  "mcwlights:recipes/lantern": {
    "criteria": {
      "has_the_recipe": "2024-08-10 17:02:19 +0000"
    },
    "done": true
  },
  "create:recipes/create.base/crafting/appliances/crafting_blueprint": {
    "criteria": {
      "has_item": "2024-08-10 17:01:17 +0000"
    },
    "done": true
  },
  "betternether:recipes/decorations/spruce_taburet": {
    "criteria": {
      "has_212_stick": "2024-08-10 17:01:27 +0000"
    },
    "done": true
  },
  "mcdw:recipes/swords/sword_beestinger": {
    "criteria": {
      "has_stick": "2024-08-10 17:01:27 +0000"
    },
    "done": true
  },
  "mcda:recipes/crafting_items/fabric_bolt_yellow": {
    "criteria": {
      "has_stick": "2024-08-10 17:01:27 +0000"
    },
    "done": true
  },
  "betternether:recipes/decorations/anchor_tree_gate": {
    "criteria": {
      "has_374_stick": "2024-08-10 17:01:27 +0000"
    },
    "done": true
  },
  "betternether:recipes/decorations/mushroom_fir_ladder": {
    "criteria": {
      "has_308_stick": "2024-08-10 17:01:27 +0000"
    },
    "done": true
  },
  "mcda:recipes/crafting_items/fabric_bolt_cyan": {
    "criteria": {
      "has_stick": "2024-08-10 17:01:27 +0000"
    },
    "done": true
  },
  "byg:root": {
    "criteria": {
      "tick": "2024-08-10 16:58:12 +0000"
    },
    "done": true
  },
  "betterend:recipes/decorations/terminite_hoe": {
    "criteria": {
      "has_1_stick": "2024-08-10 17:01:27 +0000"
    },
    "done": true
  },
  "mcdw:recipes/swords/sword_cutlass": {
    "criteria": {
      "has_stick": "2024-08-10 17:01:27 +0000"
    },
    "done": true
  },
  "mcwtrpdoors:recipes/dark_oak/dark_oak_mystic_trapdoor": {
    "criteria": {
      "has_logs": "2024-08-10 17:00:41 +0000"
    },
    "done": true
  },
  "betternether:recipes/decorations/nether_reed_gate": {
    "criteria": {
      "has_50_stick": "2024-08-10 17:01:27 +0000"
    },
    "done": true
  },
  "betterend:recipes/decorations/jellyshroom_sign": {
    "criteria": {
      "has_791_stick": "2024-08-10 17:01:27 +0000"
    },
    "done": true
  },
  "byg:adventure/oh_the_biomes_youll_go": {
    "criteria": {
      "byg:coconino_meadow": "2024-08-10 17:00:04 +0000",
      "byg:shattered_glacier": "2024-08-10 17:00:54 +0000"
    },
    "done": false
  },
  "mcwfurnitures:recipes/crimson": {
    "criteria": {
      "has_planks": "2024-08-10 16:58:12 +0000"
    },
    "done": true
  },
  "mcwfences:recipes/blackstone": {
    "criteria": {
      "has_blackstone": "2024-08-10 16:58:12 +0000"
    },
    "done": true
  },
  "betterend:recipes/decorations/pythadendron_sign": {
    "criteria": {
      "has_609_stick": "2024-08-10 17:01:27 +0000"
    },
    "done": true
  },
  "betterend:recipes/decorations/end_lotus_ladder": {
    "criteria": {
      "has_633_stick": "2024-08-10 17:01:27 +0000"
    },
    "done": true
  },
  "mcda:recipes/crafting_items/fabric_bolt_black": {
    "criteria": {
      "has_stick": "2024-08-10 17:01:27 +0000"
    },
    "done": true
  },
  "minecraft:recipes/redstone/dark_oak_pressure_plate": {
    "criteria": {
      "has_planks": "2024-08-10 17:01:18 +0000"
    },
    "done": true
  },
  "mcdw:recipes/longbows/bow_longbow": {
    "criteria": {
      "has_stick": "2024-08-10 17:01:27 +0000"
    },
    "done": true
  },
  "mcwlights:recipes/torches": {
    "criteria": {
      "has_wood": "2024-08-10 17:02:13 +0000"
    },
    "done": true
  },
  "minecraft:adventure/adventuring_time": {
    "criteria": {
      "minecraft:river": "2024-08-10 16:59:01 +0000",
      "minecraft:stony_shore": "2024-08-10 16:05:57 +0000",
      "minecraft:plains": "2024-08-10 16:06:26 +0000"
    },
    "done": false
  },
  "betterend:recipes/decorations/umbrella_tree_gate": {
    "criteria": {
      "has_756_stick": "2024-08-10 17:01:27 +0000"
    },
    "done": true
  },
  "betterend:recipes/decorations/mossy_glowshroom_ladder": {
    "criteria": {
      "has_581_stick": "2024-08-10 17:01:27 +0000"
    },
    "done": true
  },
  "betternether:recipes/decorations/willow_chair": {
    "criteria": {
      "has_144_stick": "2024-08-10 17:01:27 +0000"
    },
    "done": true
  },
  "betternether:recipes/decorations/oak_bar_stool": {
    "criteria": {
      "has_242_stick": "2024-08-10 17:01:27 +0000"
    },
    "done": true
  },
  "mcwtrpdoors:recipes/dark_oak/dark_oak_barn_trapdoor": {
    "criteria": {
      "has_logs": "2024-08-10 17:00:41 +0000"
    },
    "done": true
  },
  "betterend:recipes/decorations/dragon_tree_sign": {
    "criteria": {
      "has_687_stick": "2024-08-10 17:01:27 +0000"
    },
    "done": true
  },
  "minecraft:recipes/decorations/barrel": {
    "criteria": {
      "has_planks": "2024-08-10 17:01:18 +0000"
    },
    "done": true
  },
  "betternether:recipes/decorations/spruce_bar_stool": {
    "criteria": {
      "has_244_stick": "2024-08-10 17:01:27 +0000"
    },
    "done": true
  },
  "betterend:recipes/decorations/pythadendron_fence": {
    "criteria": {
      "has_598_stick": "2024-08-10 17:01:27 +0000"
    },
    "done": true
  },
  "mcdw:recipes/crossbows/crossbow_burst": {
    "criteria": {
      "has_dark_oak_planks": "2024-08-10 17:01:18 +0000"
    },
    "done": true
  },
  "bclib:recipes/decorations/tag_rail": {
    "criteria": {
      "has_438_stick": "2024-08-10 17:01:27 +0000"
    },
    "done": true
  },
  "betternether:recipes/decorations/rubeus_sign": {
    "criteria": {
      "has_276_stick": "2024-08-10 17:01:27 +0000"
    },
    "done": true
  },
  "minecraft:recipes/transportation/jungle_boat": {
    "criteria": {
      "in_water": "2024-08-10 16:58:59 +0000"
    },
    "done": true
  },
  "betternether:recipes/decorations/taburet_cincinnasite": {
    "criteria": {
      "has_190_stick": "2024-08-10 17:01:27 +0000"
    },
    "done": true
  },
  "mcdw:recipes/hammers/hammer_flail": {
    "criteria": {
      "has_stick": "2024-08-10 17:01:27 +0000"
    },
    "done": true
  },
  "mcwfences:recipes/acacia": {
    "criteria": {
      "has_acacia": "2024-08-10 16:58:12 +0000"
    },
    "done": true
  },
  "mcwlights:recipes/paper_lamp": {
    "criteria": {
      "has_the_recipe": "2024-08-10 17:02:19 +0000"
    },
    "done": true
  },
  "mcwtrpdoors:recipes/dark_oak/dark_oak_glass_trapdoor": {
    "criteria": {
      "has_logs": "2024-08-10 17:00:41 +0000"
    },
    "done": true
  },
  "betternether:recipes/decorations/wart_taburet": {
    "criteria": {
      "has_179_stick": "2024-08-10 17:01:27 +0000"
    },
    "done": true
  },
  "mcdw:recipes/sickles/sickle_soul_scythe": {
    "criteria": {
      "has_stick": "2024-08-10 17:01:27 +0000"
    },
    "done": true
  },
  "minecraft:recipes/transportation/dark_oak_boat": {
    "criteria": {
      "in_water": "2024-08-10 16:58:59 +0000"
    },
    "done": true
  },
  "mcdw:recipes/daggers/dagger_dagger": {
    "criteria": {
      "has_stick": "2024-08-10 17:01:27 +0000"
    },
    "done": true
  },
  "betterend:recipes/decorations/helix_tree_gate": {
    "criteria": {
      "has_730_stick": "2024-08-10 17:01:27 +0000"
    },
    "done": true
  },
  "betternether:recipes/decorations/warped_taburet": {
    "criteria": {
      "has_224_stick": "2024-08-10 17:01:27 +0000"
    },
    "done": true
  },
  "betterend:recipes/decorations/end_lotus_fence": {
    "criteria": {
      "has_624_stick": "2024-08-10 17:01:27 +0000"
    },
    "done": true
  },
  "betterend:recipes/decorations/thallasium_axe": {
    "criteria": {
      "has_1_stick": "2024-08-10 17:01:27 +0000"
    },
    "done": true
  },
  "betternether:recipes/decorations/stalagnate_bar_stool": {
    "criteria": {
      "has_108_stick": "2024-08-10 17:01:27 +0000"
    },
    "done": true
  },
  "dungeons_arise:wda_root": {
    "criteria": {
      "WDA": "2024-08-10 16:58:12 +0000"
    },
    "done": true
  },
  "mcwtrpdoors:recipes/dark_oak/dark_oak_classic_trapdoor": {
    "criteria": {
      "has_logs": "2024-08-10 17:00:41 +0000"
    },
    "done": true
  },
  "betternether:recipes/decorations/crimson_ladder": {
    "criteria": {
      "has_258_stick": "2024-08-10 17:01:27 +0000"
    },
    "done": true
  },
  "mcdw:recipes/spears/spear_spear": {
    "criteria": {
      "has_stick": "2024-08-10 17:01:27 +0000"
    },
    "done": true
  },
  "mcwtrpdoors:recipes/print_four_panel": {
    "criteria": {
      "has_logs": "2024-08-10 17:00:41 +0000"
    },
    "done": true
  },
  "betternether:recipes/decorations/mushroom_fir_gate": {
    "criteria": {
      "has_301_stick": "2024-08-10 17:01:27 +0000"
    },
    "done": true
  },
  "betterend:recipes/decorations/end_lotus_gate": {
    "criteria": {
      "has_626_stick": "2024-08-10 17:01:27 +0000"
    },
    "done": true
  },
  "mcwfences:recipes/dark_oak": {
    "criteria": {
      "has_dark_oak": "2024-08-10 16:58:12 +0000"
    },
    "done": true
  },
  "betternether:recipes/decorations/stalagnate_gate": {
    "criteria": {
      "has_83_stick": "2024-08-10 17:01:27 +0000"
    },
    "done": true
  },
  "betterend:recipes/decorations/helix_tree_ladder": {
    "criteria": {
      "has_737_stick": "2024-08-10 17:01:27 +0000"
    },
    "done": true
  },
  "betternether:recipes/decorations/birch_taburet": {
    "criteria": {
      "has_214_stick": "2024-08-10 17:01:27 +0000"
    },
    "done": true
  },
  "betternether:recipes/decorations/stalagnate_ladder": {
    "criteria": {
      "has_90_stick": "2024-08-10 17:01:27 +0000"
    },
    "done": true
  },
  "betterend:recipes/decorations/lucernia_gate": {
    "criteria": {
      "has_808_stick": "2024-08-10 17:01:27 +0000"
    },
    "done": true
  },
  "betterend:recipes/decorations/lacugrove_sign": {
    "criteria": {
      "has_661_stick": "2024-08-10 17:01:27 +0000"
    },
    "done": true
  },
  "minecraft:recipes/decorations/dark_oak_fence": {
    "criteria": {
      "has_planks": "2024-08-10 17:01:18 +0000"
    },
    "done": true
  },
  "mcdw:recipes/sickles/sickle_sickle": {
    "criteria": {
      "has_stick": "2024-08-10 17:01:27 +0000"
    },
    "done": true
  },
  "betternether:recipes/decorations/wart_fence": {
    "criteria": {
      "has_156_stick": "2024-08-10 17:01:27 +0000"
    },
    "done": true
  },
  "betternether:recipes/decorations/wart_gate": {
    "criteria": {
      "has_158_stick": "2024-08-10 17:01:27 +0000"
    },
    "done": true
  },
  "minecraft:recipes/decorations/soul_campfire": {
    "criteria": {
      "has_stick": "2024-08-10 17:01:27 +0000"
    },
    "done": true
  },
  "betternether:recipes/decorations/nether_sakura_ladder": {
    "criteria": {
      "has_415_stick": "2024-08-10 17:01:27 +0000"
    },
    "done": true
  },
  "betterend:recipes/decorations/mossy_glowshroom_sign": {
    "criteria": {
      "has_583_stick": "2024-08-10 17:01:27 +0000"
    },
    "done": true
  },
  "betternether:recipes/decorations/anchor_tree_ladder": {
    "criteria": {
      "has_381_stick": "2024-08-10 17:01:27 +0000"
    },
    "done": true
  },
  "betterend:recipes/decorations/terminite_shovel": {
    "criteria": {
      "has_1_stick": "2024-08-10 17:01:27 +0000"
    },
    "done": true
  },
  "betterend:recipes/decorations/terminite_pickaxe": {
    "criteria": {
      "has_1_stick": "2024-08-10 17:01:27 +0000"
    },
    "done": true
  },
  "betterend:recipes/decorations/lucernia_ladder": {
    "criteria": {
      "has_815_stick": "2024-08-10 17:01:27 +0000"
    },
    "done": true
  },
  "DataVersion": 3120
}